{
    "弗 里 斯 克": "Frisk",
    "测 试 蛙 吉 特": "TestFroggit",
    "小 花": "Flowey",
    "训 练 人 偶": "Dummy",
    "托 丽 尔": "Toriel",
    "卢 克 眼": "Loox",
    "艾 斯 戈 尔": "Asgore",
    "艾 斯 利 尔": "Asriel",
    "逐 梦": "Dreemurr",
    "纳 普 斯 特": "Napstablook",
    "蛙 吉 特": "Froggit",
    "忧 郁 虫 虫": "Whimsun",
    "蔬 菜 兽": "Vegetoid",
    "小 模 怪": "Moldsmal",
    "福 音 蟑 螂": "Migosp",
    "杉 斯": "Sans",
    "帕 派 瑞 斯": "Papyrus",
    "考 尔 比": "Grillby",
    "大 犬 汪": "Greater Dog",
    "遁 狗": "Doggo",
    "狗 来 米": "Dogamy",
    "狗 媳 儿": "Dogaressa",
    "狗 夫 妇": "Dogamy and Dogaressa",
    "杰 瑞": "Jerry",
    "雪 铁 龙": "Snowdrake",
    "小 酷 龙": "Chilldrake",
    "小 犬 汪": "Lesser Dog",
    "礼 物 鹿": "Gyftrot",
    "冰 帽 盖": "Ice Cap",
    "怪 物 小 孩": "Moster Kid",
    "安 戴 因": "Undyne",
    "不 灭 的 安 黛 因": "Undying the Undyne",
    "大 模 怪": "Moldbygg",
    "提 米": "Temmie",
    "害 羞 的 塞 壬": "Shyren",
    "亚 伦": "Aaron",
    "约 刷 亚": "Woshua",
    "愤 怒 假 人": "Mad Dummy",
    "高 兴 的 人 偶": "Glad Dummy",
    "洋 葱 桑": "Onionsan",
    "老 滑 头": "Glyde",
    "艾 菲 斯": "Alphys",
    "镁 塔 顿": "Mettaton",
    "马 菲 特": "Muffet",
    "迷 你 火 山": "Vulkin",
    "傲 娇 飞 机": "Tsunderplane",
    "火 岩 绳": "Pyrope",
    "皇 家 守 卫": "Royal Guards",
    "终 极 蛙 吉 特": "Final Froggit",
    "忧 伤 虫 爵 士": "Whimsalot",
    "散 光 眼": "Astigmatism",
    "疯 狂 魔 术 师": "Madjick",
    "晚 安 骑 士": "Knight Knight",
    "真 抱 歉": "So Sorry",
    "守 卫 03": "RG 03",
    "守 卫 04": "RG 04",
    "柠 檬 面 包": "Lemon Bread",
    "死 神 鸟": "Reaper Bird",
    "融 合 怪": "Amalgamate",
    "记 忆 脑": "Memoryhead",
    "聚 合 犬": "Endogeny",
    "迷 失 的 灵 魂": "Lost Soul",
    "镁 塔 顿  NEO": "Mettaton NEO",
    "欧 防 风 兽": "Parsnik",
    "小 虫": "Doodlebog",
    "加 斯 特": "Gaster",
    "布 莱 蒂": "Bratty",
    "凯 蒂": "Catty",
    "烤 尔 比": "Grillby",
    "葛 森": "Gerson",
    "遗 迹": "Ruins",
    "废 墟": "Ruins",
    "雪 镇": "Snowdin",
    "瀑 布": "Waterfall",
    "热 域": "Hotland",
    "真 实 验 室": "True Lab"
}
